名稱,價格,PV
艾多美 艾不釋手經典系列,13670,250000
艾多美 托特包,246,0
艾多美 物理性防曬膏,380,5000
艾多美 新春紅包袋,20,0
艾多美 輕柔棉18cm,72,450
艾多美 水嫩亮白組,1399,24700
艾多美 經典營養霜,688,11700
艾多美 經典乳液,688,11700
艾多美 經典精華液,730,12480
艾多美 經典眼霜,688,11700
艾多美 經典化妝水,688,11700
艾多美 雙色空氣粉餅 No.21,699,8800
艾多美 月桂保濕噴霧,388,5000
艾多美 膠囊葉黃素30,1499,23400
艾多美 柔護寶貝三件組,1390,19600
艾多美 銀離子柔濕巾,520,3000
艾多美 養髮液,370,5200
艾多美 好纖果乾-芒果綜合,320,2000
艾多美 凝萃煥髮洗髮乳,525,6750
艾多美 兒童薄膜口罩,250,1100
艾多美 凝萃煥白精華液,1280,23400
艾多美 抽取式廚房紙巾,88,360
艾多美 凝萃煥髮護髮霜,350,4700
艾多美 馬克杯組,380,0
Hi Atomy,55,0
艾多美 凝萃煥髪三部曲,1360,18200
艾多美 香烤海苔(大片裝),216,1300
艾多美 凝萃煥膚防曬乳,355,4560
艾多美 長效睫毛膏,370,5160
艾多美 Daily沁涼舒緩面膜,326,4200
艾多美 Daily亮白水嫩面膜,326,4200
艾多美 Daily緊緻保濕面膜,326,4200
艾多美 氣墊粉撲,80,600
艾多美 經典保養五件組,3188,57200
艾多美 深層卸妝油,520,6800
艾多美 蜂蜜飲(Atomy HemoHIM) 4組,11280,198000
艾多美 蜂蜜飲(Atomy HemoHIM) 1組,3260,54600
艾多美 夾心海苔燒(2盒裝),900,8000
艾多美 維他命C粉,680,8400
艾多美 空汙防護口罩,480,3000
艾多美 幸福堅果,1350,4500
艾多美 凝萃煥膚六部曲,6800,130000
艾多美 潤色護唇膏,385,4920
艾多美 隨行袖珍包,72,250
艾多美 珠光隔離乳,488,5000
艾多美 保溫隨行杯,650,4500
艾多美 阿拉比卡三合一即溶咖啡50入,280,1300
艾多美 抽取式洗碗布,120,980
艾多美 即溶普洱茶,920,11000
艾多美 螺旋藻膠囊 100%,780,8000
艾多美 304不鏽鋼絲球,85,750
艾多美 乳膠手套(M),150,1300
艾多美 洋薊膠囊,1080,9000
艾多美 凝萃煥膚 營養霜,1125,20800
艾多美 凝萃煥膚 眼霜,1265,23400
艾多美 凝萃煥膚 乳液,1125,20800
艾多美 凝萃煥膚 精華液,1265,23400
艾多美 凝萃煥膚 化妝水,1125,20800
艾多美 鳳梨綜合酵素粉,920,11000
艾多美 凝萃煥膚 安瓶,1365,26000
艾多美 精油 貼布 1盒(10包*5片),780,10000
艾多美 花漾口紅-粉紅絲絨,460,6100
艾多美 頭皮舒爽洗髮露,425,5600
艾多美 男士精華液 1瓶,430,3750
艾多美 男士乳液 1瓶,425,4300
艾多美 男士化妝水 1瓶,420,4300
艾多美 316不鏽鋼湯鍋5.5公升,5480,82000
艾多美 316不鏽鋼湯鍋3.3公升,5200,70000
艾多美 316不鏽鋼湯鍋2.2公升,4520,57000
艾多美 316不鏽鋼單柄鍋1.8公升,3820,51000
艾多美 柔護寶貝洗髮沐浴露,460,6200
艾多美 柔護寶貝保濕乳霜,480,6500
艾多美 柔護寶貝潤膚乳,520,6900
艾多美 香烤海苔(小片裝) 1箱 (1箱4盒),998,6000
艾多美 輕柔棉28cm,238,1800
艾多美 輕柔棉24cm,188,1500
艾多美 溫和潔面慕斯,288,4500
艾多美 洗手乳,145,1000
艾多美 小麥馬鈴薯杯麵,980,3100
艾多美 蜂膠牙膏50g 1組(4條),150,3000
艾多美 牙刷(小型刷頭) 1組 (8支),260,3900
艾多美 牙刷(大型刷頭) 1組 (8支),260,5000
艾多美 蜂膠牙膏200g(5條),485,3250
艾多美 溫和卸妝水,420,6300
艾多美 水嫩潤唇膏,200,2200
艾多美 潤絲乳,335,5200
艾多美 身體乳液 1瓶,285,3200
艾多美 沐浴乳,270,3200
艾多美 洗髮乳,335,5200
艾多美 愛丹,178,2000
艾多美 氣墊粉底 NO.23 SPF50+ PA+++,880,15600
艾多美 氣墊粉底 NO.21 SPF50+ PA+++,880,15600
艾多美 阿拉比卡即溶黑咖啡,460,3900
艾多美 阿拉比卡三合一即溶咖啡,980,3900
艾多美 濃縮衣物洗潔液,390,4400
艾多美 濃縮洗衣粉,420,3600
艾多美 碗盤蔬果洗潔液,275,3100
艾多美 清潔護膚旅行組 1組,400,3500
艾多美 肌膚保養旅行組 1組,890,8000
艾多美 護手霜四件組 1組(4條),480,6500
艾多美 清潔護膚四件組,1020,13000
艾多美 炸醬麵*1箱(16包),1010,3900
艾多美 濃縮衣物柔軟精,310,3400
艾多美 貢布黑胡椒粒,280,1300
艾多美 馬鈴薯蔬菜拉麵*1箱,1380,5200
艾多美 316不鏽鋼炒鍋5.4公升,5980,87000
艾多美 卸妝乳,255,3250
艾多美 洗面乳,255,3250
艾多美 玫瑰舒緩噴霧 1瓶,325,4200
艾多美 防曬霜(裸膚),255,3250
艾多美 防曬霜(白皙),255,3250
艾多美 BB霜,255,2500
艾多美 護髮油,360,5200
艾多美7Solutions水凝膠面膜,1000,12600
艾多美 剝離式面膜,255,3250
艾多美 去角質凝膠,255,3250
艾多美 攜帶式口腔保健組 1組 (4個),400,6250
艾多美口腔護理禮盒,680,8400
艾多美 綜合穀物飲,1500,14300
艾多美 舒緩修護三件組,1790,29000
艾多美 控油調理三件組,1790,29000
艾多美 舒緩修護乳液,545,9000
艾多美 控油調理乳液,655,10000
艾多美 控油調理精華,545,9000
艾多美 舒緩修護精華,660,10000
艾多美 修護化妝水,595,10000
艾多美 環保衛生紙,688,3000
艾多美 益生菌(Probiotics10+),2088,26000
艾多美 葉黃素膠囊,1080,12000
艾多美 高濃度魚油膠囊,825,8300
艾多美 男士保養三件組,1140,12350
會員加入申請書1ea,50,0
艾多美 產品介紹摺頁(10張),30,0
艾多美產品型錄*1本,30,0
塑膠購物袋(大)*10個,140,0
塑膠購物袋(大)*1個,14,0
紙購物袋 *10個,100,0
紙購物袋 *1個,10,0
艾多美 紅蔘 1盒,3080,33000
